epoch,precision,recall,mAP50,mAP50_95,meteor_recall,star_recall,false_alarms
1,0.00249,0.3788,0.1652,0.05241,,,
10,0.81566,0.38709,0.44431,0.18711,,,
20,0.37425,0.43073,0.40464,0.15806,,,
30,0.50807,0.4597,0.46476,0.18536,,,
40,0.56213,0.50658,0.53009,0.22416,,,
50,0.79541,0.51272,0.54366,0.22991,,,
60,0.51814,0.52965,0.5393,0.23566,,,
70,0.73666,0.56146,0.53883,0.23316,,,
80,0.57398,0.57827,0.57126,0.24301,,,
90,0.58575,0.57253,0.58214,0.23928,,,
100,0.61642,0.6008,0.59082,0.26791,0.9365,0.0558,
